Name,Email,Phone,Age,Height,Weight,Goal,Notes,Created At,Status
Donald Walker,donald.walker822@example.com,(328) 923-9856,97,54,767,Want to develop better eating habits and create a balanced fitness routine,,2025-04-15T13:46:03.929836,active
Matthew Martinez,matthew.martinez133@example.com,(243) 650-8597,41,57,106,Looking to build strength and confidence through consistent training,Available for training during early morning hours only,2025-03-19T13:46:03.929836,pending
James Smith,james.smith486@example.com,(586) 498-2502,77,77,287,I want to lose 20 pounds and build muscle mass through strength training,Have previous experience with weight training,2025-04-08T13:46:03.929836,active
Susan Smith,susan.smith480@example.com,(299) 319-2995,78,87,344,Want to improve my athletic performance and recovery time,Have previous experience with weight training,2025-03-23T13:46:03.929836,active
Thomas Wilson,thomas.wilson761@example.com,(406) 211-8357,95,53,316,Looking to improve my overall fitness and energy levels through regular exercise,Prefer outdoor workouts when possible,2025-04-05T13:46:03.929836,pending
Steven Clark,steven.clark725@example.com,(374) 892-6860,117,77,512,Looking to build strength and confidence through consistent training,Need help with proper form and technique,2025-04-15T13:46:03.929836,active
Emily Adams,emily.adams723@example.com,(595) 732-8204,100,90,743,Looking to improve my flexibility and reduce back pain through exercise,,2025-03-28T13:46:03.929836,pending
Daniel Wilson,daniel.wilson864@example.com,(651) 400-6049,30,81,964,Want to improve my athletic performance and recovery time,,2025-04-06T13:46:03.929836,pending
Carol Roberts,carol.roberts564@example.com,(854) 204-4895,42,81,578,Want to increase my strength and endurance for upcoming marathon training,Need help with proper form and technique,2025-03-25T13:46:03.929836,pending
Barbara Nguyen,barbara.nguyen250@example.com,(575) 824-4867,58,57,96,Need to lose weight and improve my cardiovascular health,Have dietary restrictions that need to be considered,2025-04-13T13:46:03.929836,active
Carol Lopez,carol.lopez404@example.com,(445) 589-3541,110,89,841,Want to develop better eating habits and create a balanced fitness routine,Need help with proper form and technique,2025-03-31T13:46:03.929836,pending
Patricia Sanchez,patricia.sanchez841@example.com,(274) 903-9896,115,87,533,Want to improve my athletic performance and recovery time,Looking for a sustainable long-term fitness plan,2025-04-15T13:46:03.929836,active
Linda Carter,linda.carter410@example.com,(347) 709-4482,120,73,921,I want to lose 20 pounds and build muscle mass through strength training,Looking for a sustainable long-term fitness plan,2025-04-17T13:46:03.929836,pending
Barbara Clark,barbara.clark565@example.com,(992) 778-5970,86,48,222,Looking to build strength and confidence through consistent training,Looking for a sustainable long-term fitness plan,2025-04-11T13:46:03.929836,pending
Susan Thompson,susan.thompson266@example.com,(796) 586-4812,37,52,225,Seeking to transform my body composition and build lean muscle mass,Need help with proper form and technique,2025-03-20T13:46:03.929836,pending
Andrew King,andrew.king724@example.com,(338) 360-2507,108,95,124,Looking to improve my overall fitness and energy levels through regular exercise,,2025-04-01T13:46:03.929836,active
Carol Wright,carol.wright460@example.com,(361) 473-2645,97,95,125,Looking to improve my flexibility and reduce back pain through exercise,Have access to a home gym with basic equipment,2025-04-11T13:46:03.929836,active
Sarah Campbell,sarah.campbell706@example.com,(563) 855-3385,106,63,850,Need to lose weight and improve my cardiovascular health,,2025-03-30T13:46:03.929836,active
Elizabeth Scott,elizabeth.scott596@example.com,(973) 689-9808,96,78,187,Looking to improve my overall fitness and energy levels through regular exercise,I have a minor knee injury from running that needs consideration,2025-04-08T13:46:03.929836,active
Paul Mitchell,paul.mitchell180@example.com,(570) 659-7749,22,53,896,I want to lose 20 pounds and build muscle mass through strength training,Looking for a sustainable long-term fitness plan,2025-04-03T13:46:03.929836,active
Robert Hernandez,robert.hernandez959@example.com,(735) 768-4624,53,49,791,Need to develop a sustainable workout routine that fits my busy schedule,,2025-03-24T13:46:03.929836,active
Thomas Flores,thomas.flores448@example.com,(838) 594-3355,51,67,285,Looking to improve my flexibility and reduce back pain through exercise,Interested in group training sessions,2025-04-03T13:46:03.929836,pending
Susan Young,susan.young397@example.com,(973) 480-5356,34,81,193,Looking to improve my flexibility and reduce back pain through exercise,Interested in group training sessions,2025-03-19T13:46:03.929836,active
Donna Roberts,donna.roberts957@example.com,(359) 834-4991,36,60,973,Looking to build strength and confidence through consistent training,Interested in group training sessions,2025-03-24T13:46:03.929836,active
Joseph Scott,joseph.scott897@example.com,(747) 947-2212,97,50,327,Seeking to transform my body composition and build lean muscle mass,Available for training during early morning hours only,2025-04-15T13:46:03.929836,pending
Lisa Thompson,lisa.thompson409@example.com,(286) 939-2039,82,58,981,Looking to build strength and confidence through consistent training,Need help with proper form and technique,2025-03-31T13:46:03.929836,pending
Amanda Flores,amanda.flores831@example.com,(828) 814-7351,44,59,658,Need to develop a sustainable workout routine that fits my busy schedule,,2025-04-16T13:46:03.929836,active
Ashley Lopez,ashley.lopez363@example.com,(970) 329-3104,94,90,764,I want to lose 20 pounds and build muscle mass through strength training,Interested in group training sessions,2025-04-01T13:46:03.929836,pending
Susan Moore,susan.moore921@example.com,(426) 276-9463,16,95,883,Looking to improve my overall fitness and energy levels through regular exercise,Need to focus on low-impact exercises due to joint issues,2025-04-12T13:46:03.929836,active
Michael Robinson,michael.robinson771@example.com,(719) 679-7711,22,75,180,Need to lose weight and improve my cardiovascular health,,2025-03-24T13:46:03.929836,pending
Joseph Hill,joseph.hill529@example.com,(571) 246-2677,58,82,815,Need to lose weight and improve my cardiovascular health,Prefer outdoor workouts when possible,2025-04-10T13:46:03.929836,pending
Nancy Wilson,nancy.wilson565@example.com,(733) 458-8528,78,83,169,Want to develop better eating habits and create a balanced fitness routine,,2025-04-08T13:46:03.929836,pending
David Wright,david.wright709@example.com,(226) 484-1925,77,68,755,Seeking to transform my body composition and build lean muscle mass,Have previous experience with weight training,2025-04-13T13:46:03.929836,pending
Karen Martin,karen.martin399@example.com,(661) 870-1459,102,54,314,Looking to build strength and confidence through consistent training,Prefer outdoor workouts when possible,2025-04-06T13:46:03.929836,pending
Brian Moore,brian.moore602@example.com,(653) 423-6040,20,68,969,Need to lose weight and improve my cardiovascular health,Have dietary restrictions that need to be considered,2025-04-17T13:46:03.929836,pending
Kevin Young,kevin.young209@example.com,(355) 548-6370,28,92,817,I want to lose 20 pounds and build muscle mass through strength training,Available for training during early morning hours only,2025-04-12T13:46:03.929836,pending
Sandra Lewis,sandra.lewis282@example.com,(441) 224-3574,115,84,114,Looking to improve my overall fitness and energy levels through regular exercise,Need help with proper form and technique,2025-04-12T13:46:03.929836,active
Steven White,steven.white959@example.com,(905) 600-4300,51,59,619,I want to lose 20 pounds and build muscle mass through strength training,Need to focus on low-impact exercises due to joint issues,2025-03-31T13:46:03.929836,pending
Betty Allen,betty.allen881@example.com,(527) 978-5983,112,51,58,Need to develop a sustainable workout routine that fits my busy schedule,Available for training during early morning hours only,2025-03-21T13:46:03.929836,pending
Dorothy Green,dorothy.green12@example.com,(489) 644-7141,32,92,454,Looking to improve my overall fitness and energy levels through regular exercise,Prefer outdoor workouts when possible,2025-04-12T13:46:03.929836,pending
Kimberly Campbell,kimberly.campbell712@example.com,(397) 910-7103,53,71,233,Looking to improve my overall fitness and energy levels through regular exercise,Need to focus on low-impact exercises due to joint issues,2025-03-24T13:46:03.929836,active
Christopher Flores,christopher.flores160@example.com,(910) 331-7905,120,79,147,Need to lose weight and improve my cardiovascular health,Need to focus on low-impact exercises due to joint issues,2025-04-04T13:46:03.929836,active
Deborah Scott,deborah.scott726@example.com,(992) 535-4940,31,56,124,Want to increase my strength and endurance for upcoming marathon training,I have a minor knee injury from running that needs consideration,2025-04-15T13:46:03.929836,active
William Gonzalez,william.gonzalez999@example.com,(798) 622-3550,65,84,387,Looking to improve my overall fitness and energy levels through regular exercise,,2025-04-17T13:46:03.929836,pending
David Nguyen,david.nguyen879@example.com,(507) 600-7913,117,69,280,Want to develop better eating habits and create a balanced fitness routine,Need help with proper form and technique,2025-03-20T13:46:03.929836,active
